{
    "P_TRANSITION": [
        [
            0.5456193851479436,
            0.4543806148520564,
            0.0
        ],
        [
            0.3264592592592593,
            0.6735407407407408,
            0.0
        ],
        [
            0.0,
            0.0,
            1.0
        ]
    ],
    "POISSON_RATES": {
        "Low": 0.04473618349380208,
        "Mid": 0.0027183483696895964,
        "High": 0.0027183483696895964
    }
}