{
    "P_TRANSITION": [
        [
            0.28594924812030076,
            0.7140507518796992,
            0.0
        ],
        [
            0.22685185185185186,
            0.7731481481481481,
            0.0
        ],
        [
            0.0,
            0.0,
            1.0
        ]
    ],
    "POISSON_RATES": {
        "Low": 0.03564738937017092,
        "Mid": 0.00219362108164751,
        "High": 0.00219362108164751
    }
}