{
    "P_TRANSITION": [
        [
            0.23310770692316826,
            0.7668922930768317,
            0.0
        ],
        [
            0.15290215588723052,
            0.8470978441127694,
            0.0
        ],
        [
            0.0,
            0.0,
            1.0
        ]
    ],
    "POISSON_RATES": {
        "Low": 0.03504491285534361,
        "Mid": 0.0015500856080090065,
        "High": 0.0015500856080090065
    }
}