{
    "P_TRANSITION": [
        [
            0.6277274056741737,
            0.37227259432582627,
            0.0
        ],
        [
            0.15342439399769142,
            0.8465756060023086,
            0.0
        ],
        [
            0.0,
            0.0,
            1.0
        ]
    ],
    "POISSON_RATES": {
        "Low": 0.06157044904736684,
        "Mid": 0.0007927131895551228,
        "High": 0.0007927131895551228
    }
}