{
    "P_TRANSITION": [
        [
            0.6333648616694254,
            0.3666351383305746,
            0.0
        ],
        [
            0.15589591898124938,
            0.8441040810187507,
            0.0
        ],
        [
            0.0,
            0.0,
            1.0
        ]
    ],
    "POISSON_RATES": {
        "Low": 0.06191951590262777,
        "Mid": 0.0009153579530285585,
        "High": 0.0009153579530285585
    }
}