{
    "P_TRANSITION": [
        [
            0.3792273024391922,
            0.6207726975608078,
            0.0
        ],
        [
            0.20999860257126887,
            0.7900013974287311,
            0.0
        ],
        [
            0.0,
            0.0,
            1.0
        ]
    ],
    "POISSON_RATES": {
        "Low": 0.03874073965642745,
        "Mid": 0.001880427743547684,
        "High": 0.001880427743547684
    }
}