feature,mean_of_means,std_of_means,range_of_means
Interarrival,967.4645,64.40948,228.70215
RunTime,5631.8906,253.90567,790.5762
AllocatedProcessors,11.112505,0.47399846,1.8168688
AverageCPUTimeUsed,5180.4014,240.08221,772.03467
UsedMemory,-1.212786,0.004283539,0.011381388
RequestedTime,14523.106,585.46106,2070.4404
RequestedMemory,-0.7854251,0.006027189,0.02003479
CPUUtil,0.066351786,0.001366399,0.0042108
