feature,mean_of_means,std_of_means,range_of_means
Interarrival,702.7833,45.621323,154.65442
RunTime,4665.8647,333.50027,1162.0435
AllocatedProcessors,2.2150273,0.062851764,0.18553543
AverageCPUTimeUsed,4332.233,326.62686,1141.9512
UsedMemory,-0.99546784,0.0015786929,0.0055121183
RequestedTime,13675.219,624.16406,1679.1787
RequestedMemory,-1.2062657,0.003884055,0.01208961
CPUUtil,0.51423776,0.009825699,0.0293535
