feature,mean_of_means,std_of_means,range_of_means
Interarrival,848.2604,79.391235,249.33075
RunTime,1901.8958,200.7791,643.8445
AllocatedProcessors,25.419693,0.8831942,2.7789593
AverageCPUTimeUsed,1150.3054,156.40506,509.6386
UsedMemory,-1.0037028,0.0034895532,0.011502922
RequestedTime,11321.678,676.1155,2329.9697
RequestedMemory,-0.9671167,0.0025548716,0.007848203
CPUUtil,0.008678297,0.00015122425,0.00048691593
