feature,mean_of_means,std_of_means,range_of_means
Interarrival,1019.88135,48.66529,132.39581
RunTime,58975.637,102.83465,259.6836
AllocatedProcessors,2.3502822,0.04538073,0.15551114
AverageCPUTimeUsed,55848.01,149.52997,443.6953
UsedMemory,-0.92197,0.0097061945,0.028603256
RequestedTime,64073.664,69.765564,252.58203
RequestedMemory,-0.9704026,0.0046103615,0.014316559
CPUUtil,0.707466,0.011066482,0.038206995
