feature,mean_of_means,std_of_means,range_of_means
Interarrival,936.7875,36.296738,113.90387
RunTime,59523.55,55.711246,165.5625
AllocatedProcessors,21.67023,0.16468649,0.57115173
AverageCPUTimeUsed,56570.832,148.35712,508.0
UsedMemory,-1.092294,0.008231066,0.024887562
RequestedTime,63967.125,46.604324,152.78906
RequestedMemory,-1.0381314,0.0096703945,0.029773235
CPUUtil,0.057200037,0.00051836274,0.0016343109
